"Nombre del artículo","Categoría actual","Categoría correcta","Subcategoría actual","Subcategoría correcta","Varietal actual","Varietal correcto","Acción"
"Americano Gancia 450ml","Destilados","Otros","Aperitivos","Aperitivos","","","CORREGIDO"
"Americano Gancia 950ml","Destilados","Otros","Aperitivos","Aperitivos","","","CORREGIDO"
"Chocolate Ferrero Rocher Caja x 4 unidades","Delicatessen","Delicatessen","Ferrero Rocher","Delicatessen","","","CORREGIDO"
"Chocolate Ferrero Rocher Caja x 8 unidades","Delicatessen","Delicatessen","Ferrero Rocher","Delicatessen","","","CORREGIDO"
"Chocolate Ferrero Rocher Estuche Acrilico x 12 unidades","Delicatessen","Delicatessen","Ferrero Rocher","Delicatessen","","","CORREGIDO"
"Chocolate Ferrero Rocher Estuche Acrilico x 24 unidades","Delicatessen","Delicatessen","Ferrero Rocher","Delicatessen","","","CORREGIDO"
"Chocolate Ferrero Rocher Packete x 3 unidades","Delicatessen","Delicatessen","Ferrero Rocher","Delicatessen","","","CORREGIDO"
"Coñac Otard Dupuy 750ml","Vinos","Destilados","Coñac","Coñac","Coñac","","CORREGIDO"
"Coñac Reserva San Juan VSOP Añejo 750ml","Vinos","Destilados","Coñac","Coñac","Coñac","","CORREGIDO"
"Copon Campari Tonic 600ml","Vinos","Cristalería","Otros","Cristalería","Otros","","CORREGIDO"
"Dolce Vino Estuche Cubos de Hielo de Acero Inoxidable x 4 + Pinza","Vinos","Otros","Estuche Especial","Estuche Especial","Estuche Especial","","CORREGIDO"
"Entre Dos Alfajor Blanco Dulce de Leche - Unidad 45g","Delicatessen","Delicatessen","Ferrero Rocher","Delicatessen","","","CORREGIDO"
"Entre Dos Alfajor Negro Dulce de Leche - Unidad 45g","Delicatessen","Delicatessen","Ferrero Rocher","Delicatessen","","","CORREGIDO"
"Gancia Spritz Hibiscus 750ml","Destilados","Otros","Aperitivos","Aperitivos","","","CORREGIDO"
"Gaseosa Ginger Ale NORMAL Classic Cunnington 1500ml","Destilados","Gaseosas","Gaseosa","Gaseosas","","","CORREGIDO"
"Gaseosa Indian Tonica NORMAL (Azul) Cunnington Classic 1500ml","Vinos","Gaseosas","Gaseosa","Gaseosas","Gaseosa","","CORREGIDO"
"Gaseosa Indian Tonica SIN AZUCAR (Gris) Cunnington Sabor Suave 1500ml","Vinos","Gaseosas","Gaseosa","Gaseosas","Gaseosa","","CORREGIDO"
"Gaseosa Pomelo NORMAL Classic Cunnington 1500ml","Vinos","Gaseosas","Gaseosa","Gaseosas","Gaseosa","","CORREGIDO"
"Gin Hilbing London Dry 750ml","Destilados","Destilados","Gin","Gin","Otros","","CORREGIDO"
"Gin Hilbing Malbec 750ml","Destilados","Destilados","Gin","Gin","Malbec","","CORREGIDO"
"Granadina Dellepiane 750ml","Destilados","Otros","Aperitivos","Aperitivos","","","CORREGIDO"
"Graziani Soda Sifon 2000ml","Vinos","Otros","Soda","Soda","Soda","","CORREGIDO"
"Jagermeister 700ml","Destilados","Otros","Aperitivos","Aperitivos","","","CORREGIDO"
"Jagermeister ESTUCHE CON 2 VASOS SHOTS 700ml","Destilados","Otros","Aperitivos","Aperitivos","","","CORREGIDO"
"Licor de Cafe al Whisky Tres Plumas 750ml","Whiskys","Whiskys","Cabernet - Syrah","Whisky","","","CORREGIDO"
"Licor Shanky´s Whip - Whisky y Cafe Blend 700ml","Whiskys","Whiskys","Licor","Whisky","","","CORREGIDO"
"Papas Snacks TAFI CREMA ACIDA Y CEBOLLA Bolsa Pack 100g","Vinos","Accesorios varios","Nachos","Accesorios varios","Nachos","","CORREGIDO"
"Papas Snacks TAFI JAMON Bolsa Pack 100g","Vinos","Accesorios varios","Nachos","Accesorios varios","Nachos","","CORREGIDO"
"Papas Snacks TAFI ONDULADAS Bolsa Pack 100g","Vinos","Accesorios varios","Nachos","Accesorios varios","Nachos","","CORREGIDO"
"Papas Snacks TAFI POLLO AL LIMON Bolsa Pack 100g","Vinos","Accesorios varios","Nachos","Accesorios varios","Nachos","","CORREGIDO"
"Papas Snacks TAFI TRADICIONALES Bolsa Pack 100g","Vinos","Accesorios varios","Nachos","Accesorios varios","Nachos","","CORREGIDO"
"Posavasos Cynar","Vinos","Otros","Otros","Otros","Otros","","CORREGIDO"
"Triple Sec Liqueur Citrique Divine H","Destilados","Otros","Triple Sec","Triple Sec","","","CORREGIDO"
"Vaso Cinzano Segundo","Vinos","Cristalería","Otros","Cristalería","Otros","","CORREGIDO"
"Vaso Cynar Plastico Promocion Individual","Vinos","Cristalería","Cristaleria","Cristalería","Cristaleria","","CORREGIDO"
"Vaso Negroni en Caja Campari","Destilados","Cristalería","Otros","Cristalería","","","CORREGIDO"
"Achaval Ferrer Appellation Lujan de Cuyo Malbec 750ml","Vinos","Vinos","Red Blend","Malbec","Red Blend","Malbec","CORREGIDO"
"Achaval Ferrer Appellation Valle de Uco Malbec 750ml","Vinos","Vinos","Red Blend","Malbec","Red Blend","Malbec","CORREGIDO"
"Achaval Ferrer Singular Merlot Finca Diamante 750ml","Vinos","Vinos","Carmenere","Merlot","Carmenere","Merlot","CORREGIDO"
"Melipal Malbec 750ml","Vinos","Vinos","Cabernet Franc","Malbec","Cabernet Franc","Malbec","CORREGIDO"
"1300 Cabernet Franc 750ml","Vinos","Vinos","Malbec","Cabernet Franc","Malbec","Cabernet Franc","CORREGIDO"
"1300 Cabernet Sauvignon 750ml","Vinos","Vinos","Malbec","Cabernet Sauvignon","Malbec","Cabernet Sauvignon","CORREGIDO"
"1300 Chardonnay 750ml","Vinos","Vinos","Merlot","Chardonnay","Merlot","Chardonnay","CORREGIDO"
"1300 Torrontes Dulce Natural 750ml","Destilados","Vinos","Sauvignon Blanc","Torrontés Dulce Natural","","Torrontés Dulce Natural","CORREGIDO"
"Altitud Cabernet Franc 750 ml","Vinos","Vinos","Cabernet Sauvignon","Cabernet Franc","Cabernet Sauvignon","Cabernet Franc","CORREGIDO"
"Altitud Naranjo 750ml","Vinos","Vinos","Chardonnay","Naranjo","Chardonnay","Naranjo","CORREGIDO"
"Altitud ORGANICO Malbec 750ml","Vinos","Vinos","Malbec","Malbec Orgánico","Malbec","Malbec Orgánico","CORREGIDO"
"Andeluna Blanc de Malbec 750ml","Vinos","Vinos","Malbec Rosé","Blanc de Malbec","Malbec Rosé","Blanc de Malbec","CORREGIDO"
"Andeluna Cartas Truco Blanc de Malbec Varietal 750ml","Vinos","Vinos","Malbec Rosé","Blanc de Malbec","Malbec Rosé","Blanc de Malbec","CORREGIDO"
"Andeluna Emblemas Blend 750ml","Vinos","Vinos","Red Blend","Blend","Red Blend","Blend","CORREGIDO"
"Andeluna Ensamble Otoñal Edicion Limitada 375ml","Vinos","Vinos","Cosecha Tardia Tinto","Red Blend","Cosecha Tardia Tinto","Red Blend","CORREGIDO"
"Andeluna Torrontes Edicion Limitada 750ml","Destilados","Vinos","375ml","Torrontés","","Torrontés","CORREGIDO"
"Blanc de Franc Edicion Limitada 750ml","Vinos","Vinos","Blanc de Franc","Blanc de Franc","Blanc de Franc","","CORREGIDO"
"Casir Dos Santos Elijo Creer Varietal Malbec 750ml","Vinos","Vinos","Varietal","Malbec","Varietal","Malbec","CORREGIDO"
"Estuche Madera Casir Dos Santos x 3 Gran Corte 750ml","Vinos","Vinos","Estuche Especial","Red Blend","Estuche Especial","Red Blend","CORREGIDO"
"Espumante Chandon Cuvee Brut Nature 750ml","Espumantes","Espumantes","Aperitif","Brut Nature","Aperitif","Brut Nature","CORREGIDO"
"Espumante Chandon Cuvee Brut Nature Rose 750ml","Espumantes","Espumantes","Brut Rosé","Brut Nature Rosé","Brut Rosé","Brut Nature Rosé","CORREGIDO"
"Espumante Chandon Delice 750ml","Espumantes","Espumantes","Delice","Espumante","Delice","Espumante","CORREGIDO"
"Espumante Chandon Delice Rose 750ml","Espumantes","Espumantes","Delice","Espumante","Delice","Espumante","CORREGIDO"
"Crotta ESTUCHE Gran Oporto-Jerez 750ml","Destilados","Vinos","Mix x 2 Vino Licoroso","Mix x 2 Vino Licoroso","","","CORREGIDO"
"Crotta Gran Oporto 750ml","Destilados","Vinos","Oporto","Oporto","","","CORREGIDO"
"Crotta Jerez 750ml","Destilados","Vinos","Oporto","Oporto","","","CORREGIDO"
"Crotta Mistela Botellon 2000ml","Destilados","Vinos","Mistela","Mistela","","","CORREGIDO"
"Crotta Mistela Botellon 750ml","Destilados","Vinos","Mistela","Mistela","","","CORREGIDO"
"Crotta Mistela Botellon MIMBRE 750ml","Destilados","Vinos","Mistela","Mistela","","","CORREGIDO"
"Crotta Mistela de Oro Botella 500ml","Destilados","Vinos","Mistela","Mistela","","","CORREGIDO"
"Crotta Moscato 930ml","Destilados","Vinos","Moscato","Moscatel","","Moscatel","CORREGIDO"
"El Pollera Torrontes Dulce 750ml","Destilados","Vinos","Torrontes Dulce","Torrontés","","Torrontés","CORREGIDO"
"Domaine Bousquet Gran Cabernet Sauvignon Organico Anne Bousquet 750ml","Vinos","Vinos","Malbec","Cabernet Sauvignon","Malbec","Cabernet Sauvignon","CORREGIDO"
"Domaine Bousquet Gran Malbec Organico Anne Bousquet 750ml","Vinos","Vinos","Malbec","Malbec Orgánico","Malbec","Malbec Orgánico","CORREGIDO"
"Domaine Bousquet Reserva Cabernet Franc Organico 750ml","Vinos","Vinos","Malbec","Cabernet Franc","Malbec","Cabernet Franc","CORREGIDO"
"Domaine Bousquet Reserva Cabernet Sauvignon Organico 750ml","Vinos","Vinos","Malbec","Cabernet Sauvignon","Malbec","Cabernet Sauvignon","CORREGIDO"
"Domaine Bousquet Reserva Malbec Organico 750ml","Vinos","Vinos","Malbec","Malbec Orgánico","Malbec","Malbec Orgánico","CORREGIDO"
"Gaia Reserva Cabernet Franc Organico 750ml","Vinos","Vinos","Cabernet Sauvignon","Cabernet Franc","Cabernet Sauvignon","Cabernet Franc","CORREGIDO"
"Gaia Reserva Malbec Organico 750ml","Vinos","Vinos","Malbec","Malbec Orgánico","Malbec","Malbec Orgánico","CORREGIDO"
"Escorihuela Gascon ESTUCHE BLACK x 1 Malbec 750ml","Vinos","Vinos","Carton x 1 Malbec","Malbec","Carton x 1 Malbec","Malbec","CORREGIDO"
"Escorihuela Gascon ESTUCHE BLACK x 2 Malbec - Cabernet Sauvignon 750ml","Vinos","Vinos","Mix x 2 Malbec + Cabernet Sauvignon","Cabernet Sauvignon","Mix x 2 Malbec + Cabernet Sauvignon","Cabernet Sauvignon","CORREGIDO"
"Escorihuela Gascon ESTUCHE BLACK x 3 Malbec-Cabernet Sauvignon-Syrah 750ml","Vinos","Vinos","Malbec","Cabernet Sauvignon","Malbec","Cabernet Sauvignon","CORREGIDO"
"Escorihuela Gascon ESTUCHE Marron x 1 Gran Reserva Malbec 750ml","Destilados","Vinos","Carton x 1 Malbec","Malbec","","Malbec","CORREGIDO"
"Escorihuela Gascon Gran Rose - Blend de Tintas Syrah - Sangiovese Rose 750ml","Vinos","Vinos","Malbec Rosé","Red Blend","Malbec Rosé","Red Blend","CORREGIDO"
"Escorihuela Gascon The Presidents Blend - Blend de Tintas Malbec - Cabernet Sauvignon - Syrah 750ml","Vinos","Vinos","Malbec Rosé","Red Blend","Malbec Rosé","Red Blend","CORREGIDO"
"Escorihuela Gascon Varietal Malbec-Cabernet 750ml","Vinos","Vinos","Red Blend","Malbec","Red Blend","Malbec","CORREGIDO"
"Escorihuela Gascon Varietal Sangiovese 750ml","Vinos","Vinos","Malbec","Sangiovese","Malbec","Sangiovese","CORREGIDO"
"Familia Gascon ESTUCHE RED Carton Rojo Malbec Varietal 750ml","Vinos","Vinos","Carton x 1 Malbec","Malbec","Carton x 1 Malbec","Malbec","CORREGIDO"
"Familia Gascon ROBLE ESTUCHE Carton Gris Oscuro Malbec 750ml","Vinos","Vinos","Carton x 1 Malbec","Malbec","Carton x 1 Malbec","Malbec","CORREGIDO"
"Familia Gascon Varietal Dulce Cosecha 750ml","Vinos","Vinos","Chenin Dulce","Chenin Dulce","Chenin Dulce","","CORREGIDO"
"Lola Montes Dulce Terroir 750ml","Vinos","Vinos","Malbec Rosé","Malbec Rose","Malbec Rosé","","CORREGIDO"
"Alamos Dulce Natural 750ml","Vinos","Vinos","Dulce Natural","Dulce Natural","Dulce Natural","","CORREGIDO"
"Alamos Moscatel de Alejandria Dulce Natural 750ml","Vinos","Vinos","Moscatel Dulce","Moscatel Dulce Natural","Moscatel Dulce","Moscatel Dulce Natural","CORREGIDO"
"Alamos Red Blend 750ml","Vinos","Vinos","Cabernet Sauvignon","Red Blend","Cabernet Sauvignon","Red Blend","CORREGIDO"
"DV Catena - Angelica Zapata Cabernet Sauvignon Alta Caja 4 x 750ml","Vinos","Vinos","Cabernet Franc","Cabernet Sauvignon","Cabernet Franc","Cabernet Sauvignon","CORREGIDO"
"DV Catena Cabernet Sauvignon-Cabernet Sauvignon 750ml","Vinos","Vinos","Red Blend","Cabernet Sauvignon","Red Blend","Cabernet Sauvignon","CORREGIDO"
"DV Catena Domingo Vineyard Cabernet Sauvignon Tupungato 750ml","Vinos","Vinos","Red Blend","Cabernet Sauvignon","Red Blend","Cabernet Sauvignon","CORREGIDO"
"DV Catena ESTUCHE Cabernet Sauvignon-Malbec 2 x 750ml","Vinos","Vinos","Red Blend","Cabernet Sauvignon","Red Blend","Cabernet Sauvignon","CORREGIDO"
"DV Catena Garnacha Vineyard Designated - Apelacion Lunlunta Garnacha 750ml","Vinos","Vinos","Malbec","Garnacha","Malbec","Garnacha","CORREGIDO"
"DV Catena La Piramide Vineyard Cabernet Sauvignon Agrelo 750ml","Vinos","Vinos","Red Blend","Cabernet Sauvignon","Red Blend","Cabernet Sauvignon","CORREGIDO"
"DV Catena Malbec-Malbec 750ml","Vinos","Vinos","Red Blend","Malbec","Red Blend","Malbec","CORREGIDO"
"DV Catena Nicasia Vineyard Designated Cabernet Sauvignon Paraje Altamira San Carlos 750ml","Vinos","Vinos","Red Blend","Cabernet Sauvignon","Red Blend","Cabernet Sauvignon","CORREGIDO"
"DV Catena Nicasia Vineyard Designated Malbec Altamira San Carlos 750ml","Vinos","Vinos","Red Blend","Malbec","Red Blend","Malbec","CORREGIDO"
"DV Catena Pinot Noir-Pinot Noir 750ml","Vinos","Vinos","Red Blend","Pinot Noir","Red Blend","Pinot Noir","CORREGIDO"
"DV Catena Syrah-Syrah 750ml","Vinos","Vinos","Red Blend","Syrah","Red Blend","Syrah","CORREGIDO"
"DV Catena TRIBUTO ANTARTIDA ARGENTINA 120 Años Malbec 750ml","Vinos","Vinos","Red Blend","Malbec","Red Blend","Malbec","CORREGIDO"
"Nicasia Red GRAND BLEND Merlot-Petit Verdot 750ml","Vinos","Vinos","Red Blend","Blend","Red Blend","Blend","CORREGIDO"
"Nicolas Catena Zapata Blend Cabernet Sauvignon-Malbec-Cabernet Franc x 750ml","Vinos","Vinos","Bonarda","Blend","Bonarda","Blend","CORREGIDO"
"Saint Felicien Rose Grenache - Syrah - Malbec Edicion Limitada 750ml","Vinos","Vinos","Cabernet Franc","Malbec","Cabernet Franc","Malbec","CORREGIDO"
"Saint Felicient ESTUCHE Malbec 1x750ml","Vinos","Vinos","Carton x 1 Malbec","Malbec","Carton x 1 Malbec","Malbec","CORREGIDO"
"Saint Felicient ESTUCHE x 2 Malbec 750ml","Vinos","Vinos","Mix x 2 Malbec","Malbec","Mix x 2 Malbec","Malbec","CORREGIDO"
"Saint Felicient Pinot Noir 750ml","Vinos","Vinos","Cabernet Sauvignon","Pinot Noir","Cabernet Sauvignon","Pinot Noir","CORREGIDO"
"Saint Felicient Sauvignon Blanc 750ml","Vinos","Vinos","Cabernet Sauvignon","Sauvignon Blanc","Cabernet Sauvignon","Sauvignon Blanc","CORREGIDO"
"Saint Felicient Syrah 750ml","Vinos","Vinos","Cabernet Sauvignon","Syrah","Cabernet Sauvignon","Syrah","CORREGIDO"
"Saint Felicient TRIBUTO FELIPE NOE Garnacha-Malbec 750ml","Vinos","Vinos","Red Blend","Malbec","Red Blend","Malbec","CORREGIDO"
"Alambrado ESTUCHE Carton Malbec 750ml","Vinos","Vinos","Carton x 1 Malbec","Malbec","Carton x 1 Malbec","Malbec","CORREGIDO"
"Alambrado Frapera Negra sin manija","Vinos","Accesorios varios","Cocteleria","Accesorios varios","Cocteleria","","CORREGIDO"
"El Burro Malbec Natural 750ml","Vinos","Vinos","Malbec Orgánico","Malbec","Malbec Orgánico","Malbec","CORREGIDO"
"Gran Alambrado ESTUCHE MIX MADERA Malbec-Cabernet Sauvignon-Red Blend 3 x 750ml","Vinos","Vinos","Malbec","Red Blend","Malbec","Red Blend","CORREGIDO"
"La Oveja Torrontes Natural 750ml","Destilados","Vinos","Torrontes","Torrontés","","Torrontés","CORREGIDO"
"Malamado ESTUCHE Carton Malbec Fortificado 750ml","Vinos","Vinos","Malbec","Malbec Fortificado","Malbec","Malbec Fortificado","CORREGIDO"
"Malamado ESTUCHE Carton Viognier Fortificado Botella Individual 500ml","Vinos","Vinos","Estuche Especial","Viognier","Estuche Especial","Viognier","CORREGIDO"
"Malamado ESTUCHE Malbec Fortificado 750ml + 2 Copas Grabadas Cristal","Vinos","Vinos","Malbec","Malbec Fortificado","Malbec","Malbec Fortificado","CORREGIDO"
"Malamado ESTUCHE Malbec Fortificado 750ml + 2 Vasos Grabadas","Vinos","Vinos","Malbec","Malbec Fortificado","Malbec","Malbec Fortificado","CORREGIDO"
"Malamado ESTUCHE Tubular Lata Malbec Fortificado 750ml","Vinos","Vinos","Malbec","Malbec Fortificado","Malbec","Malbec Fortificado","CORREGIDO"
"Malamado Soleria Torrontes Licoroso Botella Individual 500ml","Destilados","Vinos","Torrontes Dulce","Torrontés","","Torrontés","CORREGIDO"
"Malamado Viognier Fortificado Botella Individual 500ml","Vinos","Vinos","Viognier Fortificado","Viognier","Viognier Fortificado","Viognier","CORREGIDO"
"Santa Julia ESTUCHE Carton Chenin Dulce Natural 750ml + Vasos Grabados","Vinos","Cristalería","Carton Vino + Vaso","Carton Vino + Vaso","Carton Vino + Vaso","","CORREGIDO"
"Santa Julia ESTUCHE Espumante Julia Dulce Natural 750ml","Espumantes","Espumantes","Estuche Especial","Dulce Natural","Estuche Especial","Dulce Natural","CORREGIDO"
"Santa Julia Frapera Blanca sin manija","Vinos","Accesorios varios","Cocteleria","Accesorios varios","Cocteleria","","CORREGIDO"
"Santa Julia Frapera Plateada con manija","Vinos","Accesorios varios","Cocteleria","Accesorios varios","Cocteleria","","CORREGIDO"
"Santa Julia Magna Cabernet Sauvignon 750ml","Vinos","Vinos","Malbec","Cabernet Sauvignon","Malbec","Cabernet Sauvignon","CORREGIDO"
"Santa Julia Magna Red Blend Cabernet-Malbec-Syrah 750ml","Vinos","Vinos","Malbec","Red Blend","Malbec","Red Blend","CORREGIDO"
"Santa Julia Organica Malbec 750ml","Vinos","Vinos","Malbec Orgánico","Malbec","Malbec Orgánico","Malbec","CORREGIDO"
"Santa Julia Varietal Cabernet Franc 750ml","Vinos","Vinos","Cabernet Sauvignon","Cabernet Franc","Cabernet Franc","Cabernet Franc","CORREGIDO"
"Santa Julia Varietal Chenin Dulce Natural 750ml","Vinos","Vinos","Chenin Dulce","Chenin Dulce Natural","Chenin Dulce","Chenin Dulce Natural","CORREGIDO"
"Santa Julia Varietal Dulce Tinto 750ml","Vinos","Vinos","Tinto Dulce","Tinto Dulce","Tinto Dulce","","CORREGIDO"
"Santa Julia Varietal LATA Chenin Dulce Natural 355ml","Vinos","Vinos","Chenin Dulce","Chenin Dulce Natural","Chenin Dulce","Chenin Dulce Natural","CORREGIDO"
"Santa Julia Varietal LATA Rose Varietal 269ml","Vinos","Vinos","Chenin Dulce","Rosé","Chenin Dulce","Rosé","CORREGIDO"
"Santa Julia Varietal LATA Tintillo 269ml","Vinos","Vinos","Chenin Dulce","Chenin Dulce","Chenin Dulce","","CORREGIDO"
"Santa Julia Varietal LATA Tinto Dulce 269ml","Vinos","Vinos","Chenin Dulce","Chenin Dulce","Chenin Dulce","","CORREGIDO"
"Santa Julia Varietal Syrah Rose 750ml","Vinos","Vinos","Syrah Rose","Syrah","Syrah","Syrah","CORREGIDO"
"Santa Julia Varietal Tardio 500ml","Vinos","Vinos","Cosecha Tardia Blanco","Cosecha Tardia Blanco","Cosecha Tardia Blanco","","CORREGIDO"
"Tension La Ribera ESTUCHE Reserva Red Blend + Chardonnay 3 x 750ml","Vinos","Vinos","Mix x 3 2 Red Blend + 1 Chardonnay","Red Blend","Mix x 3 2 Red Blend + 1 Chardonnay","Red Blend","CORREGIDO"
"Tension La Ribera Reserva Chardonnay-Semillon 750ml","Vinos","Vinos","White Blend","Chardonnay","White Blend","Chardonnay","CORREGIDO"
"Tito Zuccardi Paraje Altamira Blend de Malbec - Cab. Franc 750ml","Vinos","Vinos","Red Blend","Blend","Red Blend","Blend","CORREGIDO"
"Zuccardi ESTUCHE HOMENAJE A LA FAMILIA MIX MADERA Jose Malbec + Tito Red Blend + Ema Bonarda 3 x 750ml","Vinos","Vinos","Malbec","Red Blend","Malbec","Red Blend","CORREGIDO"
"Zuccardi Serie A Chardonnay-Viognier 750ml","Destilados","Vinos","Torrontes","Chardonnay","","Chardonnay","CORREGIDO"
"Zuccardi Serie A Torrontes 750ml","Destilados","Vinos","Torrontes","Torrontés","","Torrontés","CORREGIDO"
"Zuelo Aceite IG Mendoza Original Extra Virgen 250ml","Destilados","Aceites","Virgen Extra","Aceites","","","CORREGIDO"
"Zuelo Aceite Intenso Extra Virgen 500ml","Delicatessen","Aceites","Virgen Extra","Aceites","","","CORREGIDO"
"Zuelo Aceite Original Extra Virgen 250ml","Destilados","Aceites","Virgen Extra","Aceites","","","CORREGIDO"
"Zuelo Aceite Original Extra Virgen 500ml","Destilados","Aceites","Virgen Extra","Aceites","","","CORREGIDO"
"La Iride Corte de Autor DAMAJUANA 4750ml","Vinos","Otros","Corte de Autor","Corte de Autor","Corte de Autor","","CORREGIDO"
"La Linda Sweet Viognier 750ml","Vinos","Vinos","Viognier","Viognier Dulce Natural","Viognier","Viognier Dulce Natural","CORREGIDO"
"La Linda Torrontes 750ml","Destilados","Vinos","Torrontes","Torrontés","","Torrontés","CORREGIDO"
"Luigi Bosca ESTUCHE Finca los Nobles Malbec Verdot 750ml","Vinos","Vinos","Carton x 1 Malbec","Malbec","Carton x 1 Malbec","Malbec","CORREGIDO"
"Luigi Bosca Finca El Paraiso Blend Malbec - Cabernet Sauvignon 2019 750ml","Vinos","Vinos","Red Blend","Blend","Red Blend","Blend","CORREGIDO"
"Luigi Bosca Finca los Nobles Malbec 750ml","Vinos","Vinos","Red Blend","Malbec","Red Blend","Malbec","CORREGIDO"
"Piatelli Natural Sweet Dulce Natural 750ml","Vinos","Vinos","Dulce Natural","Dulce Natural","Dulce Natural","","CORREGIDO"
"Piatelli Reserva Blend Malbec-Tannat Cafayate Salta Capsula Dorada 750ml","Vinos","Vinos","Red Blend","Blend","Red Blend","Blend","CORREGIDO"
"Piatelli Reserva Cabernet Sauvignon Cafayate Salta Capsula Dorada 750ml","Vinos","Vinos","Malbec","Cabernet Sauvignon","Malbec","Cabernet Sauvignon","CORREGIDO"
"Piedra Negra Alta Coleccion Pinot Gris 750ml","Vinos","Vinos","Pinot Noir","Pinot Gris","Pinot Noir","Pinot Gris","CORREGIDO"
"Piedra Negra Alta Coleccion Torrontes 750ml","Destilados","Vinos","Torrontes","Torrontés","","Torrontés","CORREGIDO"
"Piedra Negra ARROYO GRANDE Malbec Organico IG Los Chacayes 750ml","Vinos","Vinos","Malbec","Malbec Orgánico","Malbec","Malbec Orgánico","CORREGIDO"
"Piedra Negra Malbec Organico Reserva BAG IN BOX 3000ml","Vinos","Vinos","Malbec","Malbec Orgánico","Malbec","Malbec Orgánico","CORREGIDO"
"Piedra Negra Reserva Malbec Organico IG Los Chacayes 750ml","Vinos","Vinos","Malbec","Malbec Orgánico","Malbec","Malbec Orgánico","CORREGIDO"
"La Flor Blend 750ml","Vinos","Vinos","Red Blend","Blend","Red Blend","Blend","CORREGIDO"
"Pulenta State XVII Tannat 750ml","Vinos","Vinos","Red Blend","Tannat","Red Blend","Tannat","CORREGIDO"
"Rutini Coleccion Blend Cabernet Franc - Malbec Reserva 750ml","Vinos","Vinos","Malbec","Blend","Malbec","Blend","CORREGIDO"
"Rutini Coleccion Blend Cabernet Sauvignon - Malbec Reserva 750ml","Vinos","Vinos","Malbec","Blend","Malbec","Blend","CORREGIDO"
"Rutini Coleccion Blend Cabernet Sauvignon - Syrah Reserva 750ml","Vinos","Vinos","Cabernet Sauvignon","Blend","Cabernet Sauvignon","Blend","CORREGIDO"
"Rutini Coleccion Syrah Reserva 750ml","Vinos","Vinos","Malbec","Syrah","Malbec","Syrah","CORREGIDO"
"Trumpeter Cabernet Franc Varietal 750ml","Vinos","Vinos","Malbec","Cabernet Franc","Malbec","Cabernet Franc","CORREGIDO"
"Trumpeter Sauvignon Blanc Varietal 750ml","Vinos","Vinos","Malbec","Sauvignon Blanc","Malbec","Sauvignon Blanc","CORREGIDO"
"Trumpeter Syrah Varietal 750ml","Vinos","Vinos","Malbec","Syrah","Malbec","Syrah","CORREGIDO"
"Portillo Malbec Rose 750ml","Vinos","Vinos","Malbec","Malbec Rosé","Malbec","Malbec Rosé","CORREGIDO"
"Portillo Merlot 750ml","Vinos","Vinos","Malbec","Merlot","Malbec","Merlot","CORREGIDO"
"Portillo Sauvignon Blanc 750ml","Vinos","Vinos","Sauvignon Blanc Dulce","Sauvignon Blanc","Sauvignon Blanc Dulce","Sauvignon Blanc","CORREGIDO"
"Portillo Sauvignon Blanc Dulce Natural 750ml","Vinos","Vinos","Sauvignon Blanc Dulce","Sauvignon Blanc Dulce Natural","Sauvignon Blanc Dulce","Sauvignon Blanc Dulce Natural","CORREGIDO"
"Puramum Reserva Cabernet Sauvignon José Pepe Galante 750ml","Vinos","Vinos","Cabernet Franc","Cabernet Sauvignon","Cabernet Franc","Cabernet Sauvignon","CORREGIDO"
"Salentein Gran VU Blend Malbec-Cabernet Sauvignon 750ml","Vinos","Vinos","Malbec","Blend","Malbec","Blend","CORREGIDO"
"Salentein Primus Cabernet Sauvignon 2016 750ml","Vinos","Vinos","Cabernet Franc","Cabernet Sauvignon","Cabernet Franc","Cabernet Sauvignon","CORREGIDO"
"Salentein Primus Malbec 2021 750ml","Vinos","Vinos","Cabernet Franc","Malbec","Cabernet Franc","Malbec","CORREGIDO"
"Salentein Reserva Corte de Tintas 750ml","Vinos","Vinos","Pinot Noir","Red Blend","Pinot Noir","Red Blend","CORREGIDO"
"Confiado Serie 3 Red Blend Non Vintage Malbec-Raboso Verones 750ml","Destilados","Vinos","Red Blend","Red Blend","","Red Blend","CORREGIDO"
"Los Pasos Chardonnay - Semillon 750ml","Vinos","Vinos","White Blend","Chardonnay","White Blend","Chardonnay","CORREGIDO"
"Los Pasos Dulce Natural 750ml","Vinos","Vinos","Dulce Natural","Dulce Natural","Dulce Natural","","CORREGIDO"
"Los Pasos Red Blend 750ml","Vinos","Vinos","Red Blend","Red Blend","Blend","Red Blend","CORREGIDO"
"Marraso Gran Blend Malbec-Cab. Sauvignon-Petit Verdot-Cab. Franc 750ml","Vinos","Vinos","Red Blend","Blend","Red Blend","Blend","CORREGIDO"
"Septima ESTUCHE x 4 Gran Malbec750ml","Vinos","Otros","Malbec","Estuche Especial","Malbec","","CORREGIDO"
"Septima Gran Malbec Blend Añadas Ed. Limitada 750ml","Vinos","Vinos","Malbec","Blend","Malbec","Blend","CORREGIDO"
"Septima Obra ESTUCHE x 1 Malbec 750ml","Vinos","Vinos","Carton x 1 Malbec","Malbec","Carton x 1 Malbec","Malbec","CORREGIDO"
"Septima Obra Gewurstraminer Tardio 500ml","Vinos","Vinos","Cosecha Tardia Blanco","Gewürztraminer Cosecha Tardía","Cosecha Tardia Blanco","Gewürztraminer Cosecha Tardía","CORREGIDO"
"Vermut Desconfiado Rosso 750ml","Destilados","Destilados","Rosso","Rosso","Otros","","CORREGIDO"
"Aceite de Oliva La Chamiza Virgen Extra Botella 500 ml","Delicatessen","Aceites","Virgen Extra","Aceites","","","CORREGIDO"
"Casillero del Diablo ESTUCHE Red Blend 750ml","Vinos","Vinos","Carton x 1 Malbec","Red Blend","Carton x 1 Malbec","Red Blend","CORREGIDO"
"Concha y Toro - Frontera Premium Cabernet Sauvignon 750ml","Destilados","Vinos","Cabernet Sauvignon","Cabernet Sauvignon","","Cabernet Sauvignon","CORREGIDO"
"Cono Sur Pinot Noir Reseva Especial 750ml","Vinos","Vinos","Carmenere","Pinot Noir","Carmenere","Pinot Noir","CORREGIDO"
"Copon x 2 - Estuche TRIVENTO Caja Blanca","Vinos","Cristalería","375ml","Cristalería","375ml","","CORREGIDO"
"Decanter Estuche Caja Chica 17*17*20,5 750ml","Vinos","Cristalería","Cristaleria","Cristalería","Cristaleria","","CORREGIDO"
"Decanter Estuche Caja Grande 21,8*21,8*25,5 1000ml","Vinos","Cristalería","Cristaleria","Cristalería","Cristaleria","","CORREGIDO"
"Decanter Estuche TRIVENTO Caja Mediana 750ml","Vinos","Cristalería","375ml","Cristalería","375ml","","CORREGIDO"
"Decanter Mini Individual 700ml","Vinos","Cristalería","Cristaleria","Cristalería","Cristaleria","","CORREGIDO"
"Finjamos Demencia Corte de Tintas 750ml","Vinos","Vinos","Malbec","Red Blend","Malbec","Red Blend","CORREGIDO"
"Finjamos Demencia Dulce Condena 750ml","Vinos","Vinos","Dulce Natural","Dulce Natural","Dulce Natural","","CORREGIDO"
"Finjamos Demencia ESTUCHE CARTÓN MIX Corte de Tintas-Malbec 750ml","Vinos","Vinos","Malbec","Red Blend","Malbec","Red Blend","CORREGIDO"
"Tabla Casillero del Diablo Individual","Vinos","Accesorios varios","Estuche Especial","Accesorios varios","Estuche Especial","","CORREGIDO"
"Tribu Dulce Natural 750ml","Vinos","Vinos","Dulce Natural","Dulce Natural","Dulce Natural","","CORREGIDO"
"Trivento Cuvee ESTUCHE Espumante 750ml + 2 Copas","Espumantes","Espumantes","Carton Espumante + 2 Copas","Espumante","Carton Espumante + 2 Copas","Espumante","CORREGIDO"
"Trivento DISCO Metálico","Vinos","Accesorios varios","Malbec","Accesorios varios","Malbec","","CORREGIDO"
"Trivento Established 1996 Semillon Small Batch 750ml","Vinos","Vinos","Petit Verdot","Semillón","Petit Verdot","Semillón","CORREGIDO"
"Trivento FOGONERO Metálico","Vinos","Accesorios varios","Malbec","Accesorios varios","Malbec","","CORREGIDO"
"Trivento Gaudeo CAJA 3 IG 6 x 750ml","Vinos","Vinos","Malbec","Otros","Malbec","","CORREGIDO"
"Trivento Gaudeo ESTUCHE Madera x3 Terroir 750ml","Vinos","Vinos","Mix x 3 Reserva Malbec","Mix x 3 Reserva Malbec","Mix x 3 Reserva Malbec","","CORREGIDO"
"Trivento Golden Reserve ESTUCHE ED LIMITADA Madera MIX Malbec 12 Months OAK Barrel 6x750ml","Vinos","Vinos","Mix 4 Varietales","Malbec","Mix 4 Varietales","Malbec","CORREGIDO"
"Trivento Golden Reserve ESTUCHE Malbec 12 Months OAK Barrel 750ml","Vinos","Vinos","Carton x 1 Malbec","Malbec","Carton x 1 Malbec","Malbec","CORREGIDO"
"Trivento Golden Reserve Red Blend Malbec-Cabernet Franc 750ml","Vinos","Vinos","Cabernet Franc","Red Blend","Cabernet Franc","Red Blend","CORREGIDO"
"Trivento Private Reserve Cabernet Sauvignon 750ml","Vinos","Vinos","Malbec Orgánico","Cabernet Sauvignon","Malbec Orgánico","Cabernet Sauvignon","CORREGIDO"
"Trivento Private Reserve Malbec 750ml","Vinos","Vinos","Malbec Orgánico","Malbec","Malbec Orgánico","Malbec","CORREGIDO"
"Trivento Reserva Malbec Collection ESTUCHE Carton x3 750ml","Vinos","Vinos","Mix x 3 Reserva Malbec","Malbec","Mix x 3 Reserva Malbec","Malbec","CORREGIDO"
"Trivento Reserva Malbec Rose 750ml","Vinos","Vinos","Malbec","Malbec Rosé","Malbec","Malbec Rosé","CORREGIDO"
"Trivento Reserva Malbec White 750ml","Vinos","Vinos","Malbec Blanco","Blanc de Malbec","Malbec Blanco","Blanc de Malbec","CORREGIDO"
"Trivento Stratus Blend Malbec-Cabernet Sauvignon-Cabernet Franc-Merlot 750ml","Vinos","Vinos","Red Blend","Blend","Red Blend","Blend","CORREGIDO"
"Vaso Casillero del Diablo Individual","Vinos","Cristalería","Cristaleria","Cristalería","Cristaleria","","CORREGIDO"
"Aceite Cortijo BAG IN BOX 3000ml","Delicatessen","Aceites","Virgen Extra","Aceites","","","CORREGIDO"
"Aceite Cortijo Botella 1000ml","Delicatessen","Aceites","Virgen Extra","Aceites","","","CORREGIDO"
"Aceite Cortijo Botella 250 ml","Delicatessen","Aceites","Virgen Extra","Aceites","","","CORREGIDO"
"Aceite Cortijo Botella 500 ml","Delicatessen","Aceites","Virgen Extra","Aceites","","","CORREGIDO"
"Aceite Cortijo POUCH 1500ml","Delicatessen","Aceites","Virgen Extra","Aceites","","","CORREGIDO"
"Aceto Balsamico Reduccion Cortijo Botella 500 ml","Delicatessen","Delicatessen","Aceto Balsamico","Delicatessen","","","CORREGIDO"
"Ala Colorada ESTUCHE x 4 x 750ml - Caja Mixta Tannat-Cabernet Franc-Ancellotta-Petit Verdot","Vinos","Vinos","Mix 4 Varietales","Cabernet Franc","Mix 4 Varietales","Cabernet Franc","CORREGIDO"
"Chac Chac Espumante Brut Nature LATA x 269ml","Espumantes","Espumantes","Espumante","Brut Nature","Espumante","Brut Nature","CORREGIDO"
"Chac Chac Espumante Dulce Natural LATA x 269ml","Espumantes","Espumantes","Espumante","Dulce Natural","Espumante","Dulce Natural","CORREGIDO"
"Chac Chac ESTUCHE x 3 Mix Espumantes 750ml","Espumantes","Espumantes","Mix x 3 Espumante Chac Chac","Espumante","Mix x 3 Espumante Chac Chac","Espumante","CORREGIDO"
"Chac Chac POUCH Cabernet Franc 2250ml","Vinos","Vinos","Duo","Cabernet Franc","Duo","Cabernet Franc","CORREGIDO"
"Chac Chac POUCH Malbec 2250ml","Vinos","Vinos","Duo","Malbec","Duo","Malbec","CORREGIDO"
"Chac Chac POUCH Sauvignon Blanc 2250ml","Vinos","Vinos","Duo","Sauvignon Blanc","Duo","Sauvignon Blanc","CORREGIDO"
"Cheerrs My Dear ESTUCHE x 3 Mix Espumantes 750ml","Espumantes","Espumantes","Mix x 3 Espumante Chac Chac","Espumante","Mix x 3 Espumante Chac Chac","Espumante","CORREGIDO"
"Exploracion ESTUCHE x 4 x 750ml - Caja Mixta 3 Malbec Valle de Uco + 1 Sauvignon Blanc Casablanca Chile","Vinos","Vinos","Malbec","Sauvignon Blanc","Malbec","Sauvignon Blanc","CORREGIDO"
"Exploracion Logia Rose de Malbec 750ml","Vinos","Vinos","Malbec","Malbec Rosé","Malbec","Malbec Rosé","CORREGIDO"
"Kit Hogar Bag In Box Las Perdices Malbec + Red Blend + Soporte Madera + Dispenser","Vinos","Vinos","Malbec","Red Blend","Malbec","Red Blend","CORREGIDO"
"La Perdiz en el Arbol de Manzanas SIDRA Champenoise Natural 750ml","Espumantes","Espumantes","Sidra","Espumante","Sidra","Espumante","CORREGIDO"
"La Renga ESTUCHE x 2 x 750 ml - El Diablo y La Muerte Malbec + Red Blend","Vinos","Vinos","Malbec","Red Blend","Malbec","Red Blend","CORREGIDO"
"Las Pelotas ESTUCHE x 2 x 750 ml - Brindando por Nada + Victimas del Cielo","Vinos","Vinos","Mix x 2 Malbec + Cabernet Franc","Mix x 2 Malbec + Cabernet Franc","Mix x 2 Malbec + Cabernet Franc","","CORREGIDO"
"Las Perdices BAG IN BOX DUO Malbec y Cabernet Sauvignon 3000ml","Vinos","Vinos","Duo","Cabernet Sauvignon","Duo","Cabernet Sauvignon","CORREGIDO"
"Las Perdices BAG IN BOX DUO Rose y Sauvignon Blanc 3000ml","Vinos","Vinos","Duo","Sauvignon Blanc","Duo","Sauvignon Blanc","CORREGIDO"
"Las Perdices ESTUCHE Malbec Reserva + Copa","Vinos","Vinos","Carton Vino + Copa","Malbec","Carton Vino + Copa","Malbec","CORREGIDO"
"Las Perdices ESTUCHE Malbec Varietal + Copa","Vinos","Vinos","Carton Vino + Copa","Malbec","Carton Vino + Copa","Malbec","CORREGIDO"
"Las Perdices ESTUCHE NEGRO Espumante Mix x 3 x 750ml Champenoise","Espumantes","Espumantes","Mix x 3 Espumante Champenoise BLACK","Espumante","Mix x 3 Espumante Champenoise BLACK","Espumante","CORREGIDO"
"Las Perdices ESTUCHE Plateado x 1 ICE Malbec Ice 375ml","Vinos","Vinos","Carton Plateado x 1 Malbec Ice","Malbec","Carton Plateado x 1 Malbec Ice","Malbec","CORREGIDO"
"Las Perdices ESTUCHE x 3 MIX Reserva Malbec-Pinot Noir-Cabernet Sauvignon 750ml","Vinos","Vinos","Mix x 3 Reserva Malbec","Cabernet Sauvignon","Mix x 3 Reserva Malbec","Cabernet Sauvignon","CORREGIDO"
"Las Perdices ESTUCHE x 3 Reserva Malbec 750ml","Vinos","Vinos","Mix x 3 Reserva Malbec","Malbec","Mix x 3 Reserva Malbec","Malbec","CORREGIDO"
"Las Perdices Frapera Beige Rose Clasic sin manija","Vinos","Accesorios varios","Rosé","Accesorios varios","Rosé","","CORREGIDO"
"Las Perdices Late Harvest Viognier Tardio 500ml","Vinos","Vinos","Cosecha Tardia Blanco","Viognier Cosecha Tardía","Cosecha Tardia Blanco","Viognier Cosecha Tardía","CORREGIDO"
"Las Perdices Varietal ESTUCHE x 2 x 750 ml - Malbec + Cabernet Sauvignon","Vinos","Vinos","Mix x 2 Malbec + Cabernet Sauvignon","Cabernet Sauvignon","Mix x 2 Malbec + Cabernet Sauvignon","Cabernet Sauvignon","CORREGIDO"
"Las Perdices Varietal Syrah Viognier 750ml","Vinos","Vinos","Sauvignon Blanc","Syrah","Sauvignon Blanc","Syrah","CORREGIDO"
"Las Perdices Varietal Torrontes Dulce 750ml","Destilados","Vinos","Torrontes Dulce","Torrontés","","Torrontés","CORREGIDO"
"Las Perdices Varietal Torrontes Natural 750ml","Destilados","Vinos","Torrontes","Torrontés","","Torrontés","CORREGIDO"
"Partridge Chardonnay Viognier Dulce Natural 750ml","Vinos","Vinos","Chardonnay Dulce","Chardonnay Dulce Natural","Chardonnay Dulce","Chardonnay Dulce Natural","CORREGIDO"
"Partridge Malbec Rosado Dulce Natural 750ml","Vinos","Vinos","Chardonnay Dulce","Malbec Dulce Natural","Chardonnay Dulce","Malbec Dulce Natural","CORREGIDO"
"Reserva Don Juan ESTUCHE MADERA x 1 x 750ml Red Blend 750ml","Vinos","Vinos","Blend","Red Blend","Blend","Red Blend","CORREGIDO"
"Reserva Don Juan ESTUCHE x 4 x 750ml Red Blend 750ml","Vinos","Vinos","Blend","Red Blend","Blend","Red Blend","CORREGIDO"
"Tinamu ESTUCHE + Copon Grabado + Gran Reserva Blend Malbec-Cabernet Franc-Petit Verdot-Tannat 750ml","Vinos","Cristalería","Red Blend","Red Blend","Red Blend","","CORREGIDO"
"Tinamu ESTUCHE MADERA Gran Reserva Blend Malbec-Cabernet Franc-Petit Verdot-Tannat 750ml","Vinos","Vinos","Red Blend","Blend","Red Blend","Blend","CORREGIDO"
"Tinamu Gran Reserva Blend 750ml","Vinos","Vinos","Red Blend","Blend","Red Blend","Blend","CORREGIDO"
"Tinamu Gran Reserva ESTUCHE DOBLE MAGNUM Blend 3000ml","Vinos","Vinos","Red Blend","Blend","Red Blend","Blend","CORREGIDO"
"Progenie III Espumante Extra Brut Rose Pinot Noir 750ml","Espumantes","Espumantes","Brut Rosé","Extra Brut Rosé","Brut Rosé","Extra Brut Rosé","CORREGIDO"
"Un Mundo Chiquito Red Blend 750ml","Vinos","Vinos","Red Blend","Red Blend","Blend","Red Blend","CORREGIDO"
"Vistalba Corte C 750ml","Vinos","Vinos","Red Blend","Red Blend","Otros","Red Blend","CORREGIDO"
"Federico de Alvear Extra Brut 750ml","Espumantes","Espumantes","Dulce Natural","Extra Brut","Dulce Natural","Extra Brut","CORREGIDO"
"Fernet Branca ESTUCHE DÚO MUNDIAL 2 x 750ml","Vinos","Destilados","Estuche Especial","Estuche Especial","Estuche Especial","","CORREGIDO"
"Fernet Branca ESTUCHE INDIVIDUAL 1 x 750ml","Vinos","Destilados","Estuche Especial","Estuche Especial","Estuche Especial","","CORREGIDO"
"Laur Aceite de Oliva Extra Virgen BAG IN BOX 2000ml","Delicatessen","Aceites","Virgen Extra","Aceites","","","CORREGIDO"
"Laur Aceite de Oliva Virgen Extra Botella Vidrio 1000ml","Delicatessen","Aceites","Virgen Extra","Aceites","","","CORREGIDO"
"Laur Aceite de Oliva Virgen Extra Botella Vidrio 500ml","Delicatessen","Aceites","Virgen Extra","Aceites","","","CORREGIDO"
"Compuertas Negras Reserva Blend Malbec-Cabernet Sauvignon 750ml","Vinos","Vinos","Malbec","Blend","Malbec","Blend","CORREGIDO"
"Don Bicho Blend Malbec-Cabernet Franc Chacayes - Agrelo 750ml","Vinos","Vinos","Red Blend","Blend","Red Blend","Blend","CORREGIDO"
"El Festin De Los Raros 750ml","Vinos","Vinos","Blend","Otros","Blend","","CORREGIDO"
"Estuche MAGNUM Madera LA TRIFULCA 1 x 1500ml","Vinos","Otros","Estuche Especial","Estuche Especial","Estuche Especial","","CORREGIDO"
"Estuche MIX Madera El Ilusionista 3 x 750ml (3 Unidades)","Vinos","Otros","Estuche Especial","Estuche Especial","Estuche Especial","","CORREGIDO"
"Estuche MIX Madera Gran Malabarista 3 x 750ml","Vinos","Otros","Estuche Especial","Estuche Especial","Estuche Especial","","CORREGIDO"
"Estuche MIX Madera LA TRIFULCA MIX x 750ml (3 Unidades Round 1-2-3)","Vinos","Otros","Estuche Especial","Estuche Especial","Estuche Especial","","CORREGIDO"
"Estuche MIX Madera LA TRIFULCA MIX x 750ml (4 Unidades Round 1-2-3-4)","Vinos","Otros","Estuche Especial","Estuche Especial","Estuche Especial","","CORREGIDO"
"Estuche MIX Madera Malabarista 6 x 750ml","Vinos","Otros","Estuche Especial","Estuche Especial","Estuche Especial","","CORREGIDO"
"Estuche El Festin De Los Raros 5 x 750ml","Vinos","Otros","Estuche Especial","Estuche Especial","Estuche Especial","","CORREGIDO"
"Estuche Ravera MIX Madera Vacio 3 x 750ml","Vinos","Otros","Estuche Especial","Estuche Especial","Estuche Especial","","CORREGIDO"
"La Trifulca ROUND 1 Ravera-Bonfanti x 750ml","Vinos","Vinos","Blend","Otros","Blend","","CORREGIDO"
"La Trifulca ROUND 2 Ravera-Stahringer 750ml","Vinos","Vinos","Blend","Otros","Blend","","CORREGIDO"
"La Trifulca ROUND 3 Ravera-Gabbarini 750ml","Vinos","Vinos","Blend","Otros","Blend","","CORREGIDO"
"La Trifulca ROUND 4 Ravera-Macias 750ml","Vinos","Vinos","Blend","Otros","Blend","","CORREGIDO"
"Malabarista Espumante Blanc de Sangiovese Extra Brut 750ml","Espumantes","Espumantes","Sangiovese","Extra Brut","Sangiovese","Extra Brut","CORREGIDO"
"Malabarista Olvidado 2 Blend de Puta Madre Desconocido 750ml","Vinos","Vinos","Malbec","Blend","Malbec","Blend","CORREGIDO"
"Malabarista Reserva Rosado 2025 750ml","Vinos","Vinos","Cabernet Franc","Rosé","Cabernet Franc","Rosé","CORREGIDO"
"Pequeños Engaños N°1 - Clarete 750ml","Vinos","Vinos","Dulce Natural","Dulce Natural","Dulce Natural","","CORREGIDO"
"Turbio Blend de Sushi 750ml","Vinos","Vinos","White Blend","Blend","White Blend","Blend","CORREGIDO"
"Turbio Cruza de Blancas Natural Single Vineyard 750ml","Vinos","Vinos","Malbec","White Blend","Malbec","White Blend","CORREGIDO"
"Turbio Garnacha 750ml","Vinos","Vinos","Gewürztraminer","Garnacha","Gewürztraminer","Garnacha","CORREGIDO"
"Turbio Pinot Noir Single Vineyard 750ml","Vinos","Vinos","Malbec","Pinot Noir","Malbec","Pinot Noir","CORREGIDO"
"Turbio Sauvignon Blanc Natural Single Vineyard 750ml","Vinos","Vinos","Malbec","Sauvignon Blanc","Malbec","Sauvignon Blanc","CORREGIDO"
"Bolsas Feliz Dia Negra una Botella","Vinos","Otros","Otros","Otros","Otros","","CORREGIDO"
"Bolsas Friselina Blanca 1 Botella LOGO DOLCE VINO","Vinos","Otros","Otros","Otros","Otros","","CORREGIDO"
"Bolsas Friselina Blanca 2 Botellas LOGO DOLCE VINO","Vinos","Otros","Otros","Otros","Otros","","CORREGIDO"
"Bolsas Friselina Bolson Grande con manijas Negra LOGO DOLCE VINO","Vinos","Otros","Otros","Otros","Otros","","CORREGIDO"
"Bolsas Friselina Bolson MAG MAGNUM con manijas Negra LOGO DOLCE VINO","Vinos","Otros","Otros","Otros","Otros","","CORREGIDO"
"Bolsas Friselina Negra 1 Botella LOGO DOLCE VINO","Vinos","Otros","Otros","Otros","Otros","","CORREGIDO"
"Bolsas Friselina Negra 2 Botellas LOGO DOLCE VINO","Vinos","Otros","Otros","Otros","Otros","","CORREGIDO"
"Copa Patagonia Cerveza Boca Ancha","Vinos","Cristalería","Copa Cerveza","Copa Cerveza","Copa Cerveza","","CORREGIDO"
"Copa Patagonia Cerveza Boca Chica Dublin","Vinos","Cristalería","Copa Cerveza","Copa Cerveza","Copa Cerveza","","CORREGIDO"
"Grappa Aniapa Blend 750ml","Destilados","Destilados","Grappa","Grappa","Blend","","CORREGIDO"
"Grappa Aniapa Cabernet Sauvignon 750ml","Destilados","Destilados","Grappa","Grappa","Cabernet Sauvignon","","CORREGIDO"
"Grappa Aniapa Malbec 750ml","Destilados","Destilados","Grappa","Grappa","Malbec","","CORREGIDO"
"Señaladores de copa x6 unidades","Vinos","Otros","Cocteleria","Cocteleria","Cocteleria","","CORREGIDO"
"Cuchara Tenedor Mango Torneado","Vinos","Accesorios varios","cuchara tenedor","Accesorios varios","cuchara tenedor","","CORREGIDO"
"Familia Cassone - Finca La Florencia Chardonnay-Viognier 750ml","Vinos","Vinos","White Blend","Chardonnay","White Blend","Chardonnay","CORREGIDO"
"Familia Cassone - Obra Prima CORTE Red Blend Malbec-Cabernet Sauvignon-Cabernet Franc 750ml","Vinos","Vinos","Tempranillo","Red Blend","Tempranillo","Red Blend","CORREGIDO"
"Finca Ambrosia - Grand Cru BLEND Malbec-Cabernet Sauvignon-Franc-Merlot - Gualtallary 750ml","Vinos","Vinos","Cabernet Sauvignon","Blend","Cabernet Sauvignon","Blend","CORREGIDO"
"Finca Ambrosia - Grand Cru MALBEC - Gualtallary 750ml","Vinos","Vinos","Cabernet Sauvignon","Malbec","Cabernet Sauvignon","Malbec","CORREGIDO"
"Finca Ambrosia - Luna Llena Blend Cabernet Franc - Malbec 750ml","Vinos","Vinos","Cabernet Franc","Blend","Cabernet Franc","Blend","CORREGIDO"
"Finca Ambrosia - Luna Llena Chardonnay 750ml","Vinos","Vinos","Cabernet Franc","Chardonnay","Cabernet Franc","Chardonnay","CORREGIDO"
"Finca Ambrosia - Luna Llena Gran Malbec 750ml","Vinos","Vinos","Cabernet Franc","Malbec","Cabernet Franc","Malbec","CORREGIDO"
"Finca Ambrosia - Precioso Cabernet Franc Gualtallary 750ml","Vinos","Vinos","Cabernet Sauvignon","Cabernet Franc","Cabernet Sauvignon","Cabernet Franc","CORREGIDO"
"Finca Ambrosia - Precioso Malbec Gualtallary 750ml","Vinos","Vinos","Cabernet Sauvignon","Malbec","Cabernet Sauvignon","Malbec","CORREGIDO"
"Mad Bird Varietal Dark Blend 750ml","Vinos","Vinos","Malbec","Blend","Malbec","Blend","CORREGIDO"
"Mad Bird Varietal Dark Cabernet Sauvignon 750ml","Vinos","Vinos","Malbec","Cabernet Sauvignon","Malbec","Cabernet Sauvignon","CORREGIDO"
"Pixels Varietal Ancellotta 750ml","Vinos","Vinos","Malbec","Ancellotta","Malbec","Ancellotta","CORREGIDO"
"Pixels Varietal Cabernet Franc 750ml","Vinos","Vinos","Malbec","Cabernet Franc","Malbec","Cabernet Franc","CORREGIDO"
"Pixels Varietal Chardonnay 750ml","Vinos","Vinos","Malbec","Chardonnay","Malbec","Chardonnay","CORREGIDO"
"Pixels Varietal Red Blend 750ml","Vinos","Vinos","Malbec","Red Blend","Malbec","Red Blend","CORREGIDO"
"4 Brotes Malbec Gran Reserva 750ml","Vinos","Vinos","Gran Reserva","Malbec","Gran Reserva","Malbec","CORREGIDO"
"Chupasangre Gran Corte Red Blend 750ml","Vinos","Vinos","Blend","Red Blend","Blend","Red Blend","CORREGIDO"
"Chupasangre Varietal Cabernet Sauvignon 750ml","Vinos","Vinos","Varietal","Cabernet Sauvignon","Varietal","Cabernet Sauvignon","CORREGIDO"
"Chupasangre Varietal Malbec 750ml","Vinos","Vinos","Varietal","Malbec","Varietal","Malbec","CORREGIDO"
"Chupasangre Varietal Malbec Rose 750ml","Vinos","Vinos","Varietal","Malbec Rosé","Varietal","Malbec Rosé","CORREGIDO"
"Sanguinaria Malbec 750ml","Vinos","Vinos","Reserva","Malbec","Reserva","Malbec","CORREGIDO"
"Hormiga Negra de Los Andes Cabernet Sauvignon 750ml","Vinos","Vinos","White Blend","Cabernet Sauvignon","White Blend","Cabernet Sauvignon","CORREGIDO"
"Hormiga Negra de Los Andes Malbec 750ml","Vinos","Vinos","White Blend","Malbec","White Blend","Malbec","CORREGIDO"
"Hormiga Negra de Los Andes Rose 750ml","Vinos","Vinos","White Blend","Rosé","White Blend","Rosé","CORREGIDO"
"Vino de Marte Reserva Malbec 750ml","Vinos","Vinos","White Blend","Malbec","White Blend","Malbec","CORREGIDO"
"L´Desconocido Blend Chardonnay - Semillon Varietal 750ml","Vinos","Vinos","White Blend","Blend","White Blend","Blend","CORREGIDO"
"L´Desconocido Blend de Barrica Malbec - Malbec Reserva 750ml","Vinos","Vinos","Red Blend","Blend","Red Blend","Blend","CORREGIDO"
"L´Desconocido Blend Malbec - Merlot Varietal 750ml","Vinos","Vinos","Red Blend","Blend","Red Blend","Blend","CORREGIDO"
"L´Desconocido Blend Malbec - Tempranillo Varietal 750ml","Vinos","Vinos","Red Blend","Blend","Red Blend","Blend","CORREGIDO"
"Lagarde Henry Cosecha Tardia Moscato Giallo 750ml","Vinos","Vinos","Moscato","Moscatel Cosecha Tardía","Moscato","Moscatel Cosecha Tardía","CORREGIDO"
"Caja Madera 5 Años y 1 Dia Mix Reserva (Malbec + Cab. Franc + Red Blend) 3 x 750ml","Vinos","Vinos","Malbec","Red Blend","Malbec","Red Blend","CORREGIDO"
"Cautivador Ancellotta Varietal 750ml","Vinos","Vinos","Malbec","Ancellotta","Malbec","Ancellotta","CORREGIDO"
"Lopez Dulce Natural 750ml","Vinos","Vinos","Dulce Natural","Dulce Natural","Dulce Natural","","CORREGIDO"
"Cordero con Piel de Lobo Malbec Bag in Box 3000ml","Vinos","Vinos","Malbec","Malbec","Bag in Box","Malbec","CORREGIDO"
"Mosquita Muerta Blend de Tintas 750ml","Vinos","Vinos","Red Blend","Red Blend","Blend","Red Blend","CORREGIDO"
"Pispi Blend de Tintas 750ml","Vinos","Vinos","Red Blend","Red Blend","Blend","Red Blend","CORREGIDO"
"Sapo de Otro Pozo Blend de Tintas 750ml","Vinos","Vinos","Red Blend","Red Blend","Blend","Red Blend","CORREGIDO"